temperature,humidity,sales
23.11,68.52,112.23
43.28,35.05,216.91
35.62,39.7,185.35
30.95,83.91,119.06
15.46,66.39,69.71
15.46,30.55,93.83
12.03,36.09,76.25
40.32,69.81,181.53
31.04,30.3,157.25
34.78,39.65,195.73
10.72,62.92,37.84
43.95,71.51,178.41
39.14,69.12,182.4
17.43,43.46,101.6
16.36,72.73,71.69
16.42,44.23,94.78
20.65,49.52,103.18
28.37,74.79,108.85
25.12,68.98,108.61
20.19,80.95,69.33
31.41,69.46,145.55
14.88,64.1,64.22
20.23,35.62,104.26
22.82,52.06,107.84
25.96,45.91,134.23
37.48,44.64,177.32
16.99,88.38,47.52
28.0,53.59,135.56
30.73,83.52,123.94
11.63,67.87,42.95
31.26,77.69,123.83
15.97,60.16,76.05
12.28,64.61,39.07
43.21,59.55,182.73
43.8,41.71,206.53
38.29,73.35,161.51
20.66,46.85,108.61
13.42,31.46,99.97
33.95,68.73,156.36
25.41,40.63,130.22
14.27,86.43,44.89
27.33,87.24,93.18
11.2,84.89,32.32
41.83,52.21,193.56
19.06,30.93,114.24
33.19,85.7,122.52
20.91,55.69,104.74
28.2,88.0,121.84
29.13,87.82,109.77
16.47,81.18,63.19
43.94,47.67,216.48
37.13,53.11,170.59
42.88,81.07,180.36
41.32,49.02,196.85
30.93,40.17,158.01
42.27,63.41,181.74
13.1,86.17,40.25
16.86,71.76,73.44
11.58,64.2,65.27
21.39,35.83,127.17
23.6,66.9,124.23
19.5,89.4,58.54
39.01,38.41,203.53
22.49,61.1,104.14
19.83,82.64,95.03
28.99,74.45,112.83
14.93,71.82,51.34
38.08,72.15,157.63
12.61,51.57,44.25
44.54,47.62,207.08
37.03,78.56,146.19
16.96,78.61,64.92
10.19,82.02,33.67
38.54,84.79,174.36
34.74,60.68,167.29
35.52,60.09,155.98
36.99,77.9,145.17
12.59,69.0,56.38
22.55,72.12,80.56
14.06,77.75,69.37
40.21,83.4,176.01
31.82,50.28,148.25
21.58,52.53,87.96
12.22,35.64,90.04
20.88,64.7,91.08
21.38,32.16,132.87
35.54,57.94,147.62
32.31,62.56,139.37
41.05,47.19,197.03
26.53,65.45,117.48
14.19,31.83,83.87
34.96,32.24,187.77
36.63,79.36,140.66
29.64,51.61,140.69
36.98,37.62,187.53
27.28,61.33,128.85
28.3,76.2,123.49
24.96,42.95,116.73
10.89,67.37,29.76
13.78,35.12,96.67
11.1,33.1,76.79
32.27,61.88,138.24
21.0,62.44,110.07
27.8,68.25,121.66
41.76,73.57,190.88
18.73,88.55,64.1
24.36,60.98,131.46
36.44,49.38,192.05
18.01,77.71,66.38
12.69,46.25,79.84
20.14,56.34,102.02
15.64,34.71,106.31
42.54,31.52,206.56
38.28,87.76,158.93
32.17,80.16,141.22
40.5,71.76,157.26
38.13,54.54,166.12
16.53,40.4,71.67
41.24,39.39,201.37
28.88,45.01,151.11
38.26,62.95,186.83
41.36,72.88,178.57
21.13,69.61,105.68
13.85,46.8,61.1
17.98,87.29,44.03
24.95,74.27,102.29
38.63,63.26,177.07
40.13,66.7,176.88
10.24,55.18,31.28
27.88,44.86,138.66
24.61,51.36,106.61
17.77,75.47,76.3
14.2,30.86,92.85
21.82,36.96,109.2
43.0,32.76,212.16
21.31,32.44,109.36
28.16,81.33,111.02
34.61,72.22,157.5
22.73,58.45,95.65
44.01,35.87,224.4
43.69,59.5,193.69
18.81,58.41,80.0
27.4,40.39,139.93
20.53,56.03,87.21
19.97,53.91,91.2
11.29,66.95,35.27
31.33,68.11,156.17
27.59,32.72,148.35
11.8,52.48,54.13
19.75,67.55,86.99
41.79,60.19,188.78
18.38,81.39,65.41
15.07,69.52,68.35
27.13,39.78,147.84
44.5,34.23,217.55
18.47,68.55,72.53
33.52,31.59,172.84
36.66,65.15,139.82
18.32,86.41,48.14
35.49,64.53,171.74
22.87,53.29,126.74
32.13,68.6,137.22
32.17,57.5,154.55
28.75,62.74,132.31
13.16,86.49,70.82
39.24,53.17,195.22
21.23,87.67,74.11
16.53,84.32,47.36
11.43,41.75,51.96
30.68,34.16,162.77
33.71,36.05,165.32
10.58,31.09,58.52
27.92,35.67,140.66
17.93,70.98,63.07
32.58,34.27,186.07
16.1,49.14,91.97
34.18,80.69,139.19
23.54,31.4,145.59
42.79,78.87,180.21
14.81,46.91,70.52
21.94,37.09,134.28
13.97,71.8,60.82
42.36,67.74,176.08
40.71,82.65,165.16
19.03,74.1,67.59
33.1,78.21,122.55
38.6,46.92,195.44
29.43,40.65,169.02
28.54,75.04,104.4
18.46,78.41,75.99
13.26,89.43,31.61
41.4,54.76,187.63
41.51,52.32,189.04
32.16,76.58,124.81
21.87,50.45,108.52
22.22,85.85,73.01
35.41,81.5,146.84
41.4,55.74,191.2
41.05,75.05,172.28
37.3,75.27,148.54
